<?xml version="1.0" encoding="utf-8"?>
<odoo>
<data>
    <record model="ir.module.category" id="my_module.module_category_maahali">
        <field name="name">Maahali</field>
        <field name="description">Maneja tus campañas de Marketing</field>
        <field name="sequence">100</field>
    </record>
    <record model="res.groups" id="group_maahali">
        <field name="name">Usuario</field>
        <field name="category_id" ref="my_module.module_category_maahali"/>
        <field name="comment">Usuarios que gestionan campañas</field>
        <field name="users" eval="[(4, ref('base.user_admin'))]"/>
    </record>
    
</data>






</odoo>